w3c9vcuhnz,SCHC,WWCH
w3c9vcuhnz,SCHF,WWCH
w3c9vcuhnz,BBCC,WWAD
w3c9vcuhnz,SCHE,WWCA
w3c9vcuhnz,BSHR,NEW
w3c9vcuhnz,BSQA,NEW
w3c9vcuhnz,YCSF,NEW
w3c9vcuhnz,WBSB,WWAD
w3c9vcuhnz,WBSE,WWAD
w3c9vcuhnz,WBSB,WWCH
w3c9vcuhnz,WBSD,WWCH
w3c9vcuhnz,CRSH,WWAD
w3c9vcuhnz,CRSH,WWCH
w3c9vcuhnz,WBSV,WWAD
w3c9vcuhnz,WBSV,WWCA
w3c9vcuhnz,SCHV,WWCA
w3c9vcuhnz,SREC,NEW
w3c9vcuhnz,PSJU,NEW
w3c9vcuhnz,CCPR,NEW
w3c9vcuhnz,GNLT,WWCA
w3c9vcuhnz,GNUP,NEW
w3c9vcuhnz,GNUP,WWCA
w3c9vcuhnz,INHL,WWCH
w3c9vcuhnz,SCHZ,NEW
w3c9vcuhnz,IIOB,NEW
w3c9vcuhnz,COSD,NEW
w3c9vcuhnz,GPEA,NEW
w3c9vcuhnz,GPER,NEW
w3c9vcuhnz,CXDR,NEW
w3c9vcuhnz,CXFS,NEW
w3c9vcuhnz,BCCS,NEW
w3c9vcuhnz,BSHA,NEW
w3c9vcuhnz,PSBA,NEW
w3c9vcuhnz,CTBC,WWAD
w3c9vcuhnz,RNAB,WWCA
w3c9vcuhnz,CXNR,NEW
w3c9vcuhnz,BSHS,NEW
w3c9vcuhnz,OTAE,NEW
w3c9vcuhnz,WBSA,WWCH
w3c9vcuhnz,WBSE,WWCH
w3c9vcuhnz,GNLT,WWAD
w3c9vcuhnz,INHL,WWAD
w3c9vcuhnz,OIIS,WWAD
w3c9vcuhnz,UBFE,WWCH
w3c9vcuhnz,VCHL,WWCA
w3c9vcuhnz,COSC,NEW
w3c9vcuhnz,PGTR,NEW
w3c9vcuhnz,CXHR,NEW
w3c9vcuhnz,CXFR,NEW
w3c9vcuhnz,CXAR,NEW
w3c9vcuhnz,CWRK,WWCA
w3c9vcuhnz,COOE,NEW
w3c9vcuhnz,AIDA,NEW
w3c9vcuhnz,AIDR,NEW
w3c9vcuhnz,BBCE,NEW
w3c9vcuhnz,BBCC,WWCH
w3c9vcuhnz,SCHC,WWAD
w3c9vcuhnz,SCHD,WWAD
w3c9vcuhnz,SCHF,WWAD
w3c9vcuhnz,BBCD,WWAD
w3c9vcuhnz,SCHD,WWCA
w3c9vcuhnz,CTBC,WWCA
w3c9vcuhnz,SCHA,WWCH
w3c9vcuhnz,YCSC,NEW
w3c9vcuhnz,YCSE,NEW
w3c9vcuhnz,WBSB,WWCA
w3c9vcuhnz,OIIS,NEW
w3c9vcuhnz,UBFE,WWAD
w3c9vcuhnz,IIOC,NEW
w3c9vcuhnz,COSB,NEW
w3c9vcuhnz,CXCR,NEW
w3c9vcuhnz,COOD,NEW
w3c9vcuhnz,COOF,NEW
w3c9vcuhnz,SCHA,NEW
w3c9vcuhnz,SCHC,NEW
w3c9vcuhnz,SCHE,NEW
w3c9vcuhnz,BBCC,NEW
w3c9vcuhnz,BBCD,WWCH
w3c9vcuhnz,SCHA,WWAD
w3c9vcuhnz,SCHB,WWAD
w3c9vcuhnz,RNAB,WWAD
w3c9vcuhnz,SCHB,WWCA
w3c9vcuhnz,SCHC,WWCA
w3c9vcuhnz,BBCD,WWCA
w3c9vcuhnz,BSSR,NEW
w3c9vcuhnz,OTAA,NEW
w3c9vcuhnz,YCSD,NEW
w3c9vcuhnz,WBSD,WWAD
w3c9vcuhnz,WBSD,WWCA
w3c9vcuhnz,WBSC,WWCH
w3c9vcuhnz,WBSV,WWCH
w3c9vcuhnz,INAS,NEW
w3c9vcuhnz,GNLT,NEW
w3c9vcuhnz,INHL,WWCA
w3c9vcuhnz,COAR,NEW
w3c9vcuhnz,ISBA,NEW
w3c9vcuhnz,CXHQ,NEW
w3c9vcuhnz,CXSR,NEW
w3c9vcuhnz,CXAD,NEW
w3c9vcuhnz,CXIC,NEW
w3c9vcuhnz,CLBU,WWCA
w3c9vcuhnz,SCJB,NEW
w3c9vcuhnz,PSBR,NEW
w3c9vcuhnz,LDBN,NEW
w3c9vcuhnz,,
w3c9vcuhnz,BBCA,NEW
w3c9vcuhnz,SCHB,WWCH
w3c9vcuhnz,BBCA,WWAD
w3c9vcuhnz,BBCA,WWCA
w3c9vcuhnz,BBCC,WWCA
w3c9vcuhnz,BBCE,WWCA
w3c9vcuhnz,WBSE,WWCA
w3c9vcuhnz,COSA,NEW
w3c9vcuhnz,COSR,NEW
w3c9vcuhnz,CSBA,NEW
w3c9vcuhnz,CXIR,NEW
w3c9vcuhnz,COOB,NEW
w3c9vcuhnz,PGCA,NEW
w3c9vcuhnz,LDBR,NEW
w3c9vcuhnz,SCHF,NEW
w3c9vcuhnz,CTBC,NEW
w3c9vcuhnz,BBCD,NEW
w3c9vcuhnz,BBCA,WWCH
w3c9vcuhnz,SCHA,WWCA
w3c9vcuhnz,OTAB,NEW
w3c9vcuhnz,WBSC,WWAD
w3c9vcuhnz,PSEC,NEW
w3c9vcuhnz,GNUP,WWCH
w3c9vcuhnz,INHL,NEW
w3c9vcuhnz,UBFE,NEW
w3c9vcuhnz,CJBA,NEW
w3c9vcuhnz,CJBR,NEW
w3c9vcuhnz,ISBR,NEW
w3c9vcuhnz,CXNC,NEW
w3c9vcuhnz,CLIN,WWCA
w3c9vcuhnz,COOC,NEW
w3c9vcuhnz,COOG,NEW
w3c9vcuhnz,SCHB,NEW
w3c9vcuhnz,RNAB,NEW
w3c9vcuhnz,BBCB,WWCH
w3c9vcuhnz,RNAB,WWCH
w3c9vcuhnz,BBCB,WWAD
w3c9vcuhnz,SCHE,WWAD
w3c9vcuhnz,BBCE,WWAD
w3c9vcuhnz,BBCB,WWCA
w3c9vcuhnz,BSSA,NEW
w3c9vcuhnz,BSQR,NEW
w3c9vcuhnz,OTAC,NEW
w3c9vcuhnz,OTAF,NEW
w3c9vcuhnz,WBSA,WWCA
w3c9vcuhnz,CRSH,WWCA
w3c9vcuhnz,SCHV,WWCH
w3c9vcuhnz,PSEN,NEW
w3c9vcuhnz,IIOA,NEW
w3c9vcuhnz,GNLT,WWCH
w3c9vcuhnz,GNUP,WWAD
w3c9vcuhnz,OIIS,WWCA
w3c9vcuhnz,UBFE,WWCA
w3c9vcuhnz,VCHL,NEW
w3c9vcuhnz,VCHL,WWAD
w3c9vcuhnz,CXCO,NEW
w3c9vcuhnz,CXSU,NEW
w3c9vcuhnz,CLDS,WWCA
w3c9vcuhnz,BBCB,NEW
w3c9vcuhnz,SCHD,NEW
w3c9vcuhnz,SCHD,WWCH
w3c9vcuhnz,SCHE,WWCH
w3c9vcuhnz,CTBC,WWCH
w3c9vcuhnz,BBCE,WWCH
w3c9vcuhnz,SCHF,WWCA
w3c9vcuhnz,OTAD,NEW
w3c9vcuhnz,YCSA,NEW
w3c9vcuhnz,YCSB,NEW
w3c9vcuhnz,WBSA,WWAD
w3c9vcuhnz,WBSC,WWCA
w3c9vcuhnz,SCHV,WWAD
w3c9vcuhnz,OIIS,WWCH
w3c9vcuhnz,VCHL,WWCH
w3c9vcuhnz,PGTA,NEW
w3c9vcuhnz,CXDA,NEW
w3c9vcuhnz,PGCB,NEW
w3c9vcuhnz,SCJA,NEW
